,id,text,created_at,retweet_count,favorite_count,source,length,user_id,user_screen_name,user_name,user_created_at,user_description,user_followers_count,user_friends_count,user_location,user_statuses_count,user_verified,user_url,tokenized_text,token_texts,no_of_question_marks,no_of_exclamation_marks,no_of_hashtags,no_of_mentions,no_of_urls,cleaned_text,no_of_colon_marks,no_of_words,user_has_url?
0,1.22364938214417e+18,Awesome piece by Carmen Hom at @iExaminer about Seattle South Asians rallying to #RejectCAA &amp; speak out against humâ¦ https://t.co/tADpcMKSrQ,2020-02-01 16:48:41,5,5,Twitter for Android,144,40173272.0,deepasivarajan,Deepa Sivarajan,2009-05-15 04:13:45,"Seattleite, desi, queer, fannish, unironic ABBA lover. Member of @SeattleLGBTQ Commission & Parks District Oversight Committee. (she/her, opinions my own)",251,534,"Seattle, WA",1341,False,https://t.co/qI0goMAmCk,"['Awesome', 'piece', 'by', 'Carmen', 'Hom', 'at', '@iExaminer', 'about', 'Seattle', 'South', 'Asians', 'rallying', 'to', '#RejectCAA', '&', 'amp', ';', 'speak', 'out', 'against', 'hum', 'â', '\x80', '¦', 'https://t.co/tADpcMKSrQ']","['Awesome', 'piece', 'Carmen', 'Hom', '@iExaminer', 'Seattle', 'South', 'Asians', 'rallying', '#RejectCAA', '&', 'amp', ';', 'speak', 'hum', 'â', '\x80', '¦', 'https://t.co/tADpcMKSrQ']",0,0,1,1,1,Awesome piece by Carmen Hom at  about Seattle South Asians rallying to RejectCAA amp speak out against humâ¦ ,0,18,Yes
1,1.22363306722877e+18,@mkatju Hijab signifies being. Muslim Do you think Muslim women will care going to the protest a citizen amendmentâ¦ https://t.co/hEZHOOYUSm,2020-02-01 15:43:51,0,0,Twitter for Android,139,1.2077371353291e+18,fzn_abdullah,Abdullah FZN,2019-12-19 18:59:15,"I'M ABDULLAH FZN INDIAN MUSLIM ð®ð³ð®ð³ð®ð³
ðï¸ Ø§ÙÙØ§ Ø§ÙÙØ¤ÙÙÙÙ Ø§Ø®ÙØ©ðï¸",9,112,,70,False,,"['@mkatju', 'Hijab', 'signifies', 'being', '.', 'Muslim', 'Do', 'you', 'think', 'Muslim', 'women', 'will', 'care', 'going', 'to', 'the', 'protest', 'a', 'citizen', 'amendment', 'â', '\x80', '¦', 'https://t.co/hEZHOOYUSm']","['@mkatju', 'Hijab', 'signifies', '.', 'Muslim', 'think', 'Muslim', 'women', 'care', 'going', 'protest', 'citizen', 'amendment', 'â', '\x80', '¦', 'https://t.co/hEZHOOYUSm']",0,0,0,1,1, Hijab signifies being Muslim Do you think Muslim women will care going to the protest a citizen amendmentâ¦ ,0,18,Yes
2,1.22363220889784e+18,"- If it's an Indian state - be like Kerala, not UP

- If you're a CM - be like Pinarayi not Yogi

- If you're a citâ¦ https://t.co/2bAy1Qd8zH",2020-02-01 15:40:27,36,104,Twitter for Android,140,7.14661353718477e+17,IndianPrism,Chirpy Says,2016-03-29 03:51:59,My two cents. Free thinker. Happy Soul. Politics. Culture. Lit. Animals. Love nuance. Despise bigotry and extremisms. Humanity & Rationality over Ideology,11535,799,"Here, There, Somewhere",47486,False,,"['-', 'If', ""it's"", 'an', 'Indian', 'state', '-', 'be', 'like', 'Kerala', ',', 'not', 'UP', '-', 'If', ""you're"", 'a', 'CM', '-', 'be', 'like', 'Pinarayi', 'not', 'Yogi', '-', 'If', ""you're"", 'a', 'cit', 'â', '\x80', '¦', 'https://t.co/2bAy1Qd8zH']","['-', 'Indian', 'state', '-', 'like', 'Kerala', ',', '-', 'CM', '-', 'like', 'Pinarayi', 'Yogi', '-', 'cit', 'â', '\x80', '¦', 'https://t.co/2bAy1Qd8zH']",0,0,0,0,1,"- If it's an Indian state - be like Kerala not UP

- If you're a CM - be like Pinarayi not Yogi

- If you're a citâ¦ ",0,26,Yes
3,1.2236110719125e+18,@NishaPurushoth2 @RahulGandhi @manoramanews Its Congress govt who first introduced Citizen Amendment Act on 1955 inâ¦ https://t.co/wPL63VM4eE,2020-02-01 14:16:27,0,0,Twitter for Android,140,2363750539.0,ManumaneeshK,Manu Mohanan,2014-02-27 06:31:24,Aham Brahmasmi,33,206,Kerala,1361,False,,"['@NishaPurushoth2', '@RahulGandhi', '@manoramanews', 'Its', 'Congress', 'govt', 'who', 'first', 'introduced', 'Citizen', 'Amendment', 'Act', 'on', '1955', 'inâ', '\x80', '¦', 'https://t.co/wPL63VM4eE']","['@NishaPurushoth2', '@RahulGandhi', '@manoramanews', 'Congress', 'govt', 'first', 'introduced', 'Citizen', 'Amendment', 'Act', '1955', 'inâ', '\x80', '¦', 'https://t.co/wPL63VM4eE']",0,0,0,3,1,   Its Congress govt who first introduced Citizen Amendment Act on 1955 inâ¦ ,0,12,Yes
4,1.22355846992547e+18,@MumbAgainstCAB @konkonas @ThePeopleOfIN @JACMaharashtra @ResistCAA @FahadTISS @India_Resists @sushant_says First uâ¦ https://t.co/Nktdq3CbwO,2020-02-01 10:47:26,0,0,Twitter for Android,140,9.0630808386492e+17,swachhachembur,Swachha Chembur ð®ð³,2017-09-09 00:07:40,"à¤¸à¥à¤µà¤¦à¥à¤¶à¥ à¤à¤¤à¥à¤ªà¤¾à¤¦à¥à¤ à¤à¥ à¤à¤°à¥à¤¦à¥à¤à¥¤
à¤à¤¯à¥à¤°à¥à¤µà¥à¤¦ à¤à¥ à¤¬à¤¢à¤¼à¤¾à¤µà¤¾ à¤¦à¥à¤à¥¤
à¤®à¥à¤ à¤à¤¨ à¤à¤à¤¡à¤¿à¤¯à¤¾à¥¤
à¤µà¤¨à¥à¤¦à¥ à¤®à¤¾à¤¤à¤°à¤® !!!

à¤¦à¥à¤¶ à¤ªà¥à¤¹à¥à¤²à¥ !!! ð®ð³

Initiated #CleanChembur",169,573,"à¤®à¥à¤à¤¬à¤, à¤­à¤¾à¤°à¤¤",5324,False,https://t.co/zHF647KIlo,"['@MumbAgainstCAB', '@konkonas', '@ThePeopleOfIN', '@JACMaharashtra', '@ResistCAA', '@FahadTISS', '@India_Resists', '@sushant_says', 'First', 'uâ', '\x80', '¦', 'https://t.co/Nktdq3CbwO']","['@MumbAgainstCAB', '@konkonas', '@ThePeopleOfIN', '@JACMaharashtra', '@ResistCAA', '@FahadTISS', '@India_Resists', '@sushant_says', 'First', 'uâ', '\x80', '¦', 'https://t.co/Nktdq3CbwO']",0,0,0,8,1,        First uâ¦ ,0,2,Yes
5,1.22355829513211e+18,@MumbAgainstCAB @ThePeopleOfIN @konkonas @JACMaharashtra @ResistCAA @FahadTISS @sushant_says @NrcProtestâ¦ https://t.co/0gdaqe9MUL,2020-02-01 10:46:44,0,0,Twitter for Android,129,9.0630808386492e+17,swachhachembur,Swachha Chembur ð®ð³,2017-09-09 00:07:40,"à¤¸à¥à¤µà¤¦à¥à¤¶à¥ à¤à¤¤à¥à¤ªà¤¾à¤¦à¥à¤ à¤à¥ à¤à¤°à¥à¤¦à¥à¤à¥¤
à¤à¤¯à¥à¤°à¥à¤µà¥à¤¦ à¤à¥ à¤¬à¤¢à¤¼à¤¾à¤µà¤¾ à¤¦à¥à¤à¥¤
à¤®à¥à¤ à¤à¤¨ à¤à¤à¤¡à¤¿à¤¯à¤¾à¥¤
à¤µà¤¨à¥à¤¦à¥ à¤®à¤¾à¤¤à¤°à¤® !!!

à¤¦à¥à¤¶ à¤ªà¥à¤¹à¥à¤²à¥ !!! ð®ð³

Initiated #CleanChembur",169,573,"à¤®à¥à¤à¤¬à¤, à¤­à¤¾à¤°à¤¤",5324,False,https://t.co/zHF647KIlo,"['@MumbAgainstCAB', '@ThePeopleOfIN', '@konkonas', '@JACMaharashtra', '@ResistCAA', '@FahadTISS', '@sushant_says', '@NrcProtestâ', '\x80', '¦', 'https://t.co/0gdaqe9MUL']","['@MumbAgainstCAB', '@ThePeopleOfIN', '@konkonas', '@JACMaharashtra', '@ResistCAA', '@FahadTISS', '@sushant_says', '@NrcProtestâ', '\x80', '¦', 'https://t.co/0gdaqe9MUL']",0,0,0,8,1,       ¦ ,0,0,Yes
6,1.22355816971402e+18,@MumbAgainstCAB @CAANRCProtests @NrcProtest @India_Resists @kana @konkonas @ThePeopleOfIN @JACMaharashtraâ¦ https://t.co/DrjbhPMhzU,2020-02-01 10:46:14,0,0,Twitter for Android,130,9.0630808386492e+17,swachhachembur,Swachha Chembur ð®ð³,2017-09-09 00:07:40,"à¤¸à¥à¤µà¤¦à¥à¤¶à¥ à¤à¤¤à¥à¤ªà¤¾à¤¦à¥à¤ à¤à¥ à¤à¤°à¥à¤¦à¥à¤à¥¤
à¤à¤¯à¥à¤°à¥à¤µà¥à¤¦ à¤à¥ à¤¬à¤¢à¤¼à¤¾à¤µà¤¾ à¤¦à¥à¤à¥¤
à¤®à¥à¤ à¤à¤¨ à¤à¤à¤¡à¤¿à¤¯à¤¾à¥¤
à¤µà¤¨à¥à¤¦à¥ à¤®à¤¾à¤¤à¤°à¤® !!!

à¤¦à¥à¤¶ à¤ªà¥à¤¹à¥à¤²à¥ !!! ð®ð³

Initiated #CleanChembur",169,573,"à¤®à¥à¤à¤¬à¤, à¤­à¤¾à¤°à¤¤",5324,False,https://t.co/zHF647KIlo,"['@MumbAgainstCAB', '@CAANRCProtests', '@NrcProtest', '@India_Resists', '@kana', '@konkonas', '@ThePeopleOfIN', '@JACMaharashtraâ', '\x80', '¦', 'https://t.co/DrjbhPMhzU']","['@MumbAgainstCAB', '@CAANRCProtests', '@NrcProtest', '@India_Resists', '@kana', '@konkonas', '@ThePeopleOfIN', '@JACMaharashtraâ', '\x80', '¦', 'https://t.co/DrjbhPMhzU']",0,0,0,8,1,       ¦ ,0,0,Yes
7,1.22355099886761e+18,Indian Americans come together in Seattle Bellevue to protest Indian Citizen Amendment Act https://t.co/P9HnnZKALWâ¦ https://t.co/ZtWvIGRCAP,2020-02-01 10:17:45,7,7,Twitter Web Client,139,1.15321546349877e+18,AsianMuslims,South Asian Muslims Overseas,2019-07-22 08:09:26,Coalition of all South Asian Muslims,127,17,,752,False,,"['Indian', 'Americans', 'come', 'together', 'in', 'Seattle', 'Bellevue', 'to', 'protest', 'Indian', 'Citizen', 'Amendment', 'Act', 'https://t.co/P9HnnZKALW', 'â', '\x80', '¦', 'https://t.co/ZtWvIGRCAP']","['Indian', 'Americans', 'come', 'together', 'Seattle', 'Bellevue', 'protest', 'Indian', 'Citizen', 'Amendment', 'Act', 'https://t.co/P9HnnZKALW', 'â', '\x80', '¦', 'https://t.co/ZtWvIGRCAP']",0,0,0,0,2,Indian Americans come together in Seattle Bellevue to protest Indian Citizen Amendment Act ,0,13,Yes
8,1.22346030869961e+18,No Indian citizen including Muslims will lose their citizenship due to Citizenship Amendment Act (CAA). Misunderstaâ¦ https://t.co/B3WKGlqTqK,2020-02-01 04:17:23,0,2,Twitter Web App,140,97949384.0,In_Blogger,IndianBlogger,2009-12-19 18:08:11,"IT Professional, BTech, MBA, Writer, Published Poet, Blogger, Book Lover, History Buff, Nationalist, NaMo Bhakt, Loved Father, Hated Husband",829,117,New Delhi,7780,False,https://t.co/JwjDEma1sg,"['No', 'Indian', 'citizen', 'including', 'Muslims', 'will', 'lose', 'their', 'citizenship', 'due', 'to', 'Citizenship', 'Amendment', 'Act', '(', 'CAA', ')', '.', 'Misundersta', 'â', '\x80', '¦', 'https://t.co/B3WKGlqTqK']","['Indian', 'citizen', 'including', 'Muslims', 'lose', 'citizenship', 'due', 'Citizenship', 'Amendment', 'Act', '(', 'CAA', ')', '.', 'Misundersta', 'â', '\x80', '¦', 'https://t.co/B3WKGlqTqK']",0,0,0,0,1,No Indian citizen including Muslims will lose their citizenship due to Citizenship Amendment Act (CAA) Misunderstaâ¦ ,0,16,Yes
9,1.22345715017919e+18,My 2nd Amendment stance.... if you got em... shoot em. The 2nd Amendment was to protect the citizen from the governâ¦ https://t.co/3WXO168BeY,2020-02-01 04:04:49,1,1,Instagram,140,1.22089875321904e+18,caseygraytx11,Casey Gray,2020-01-25 02:38:49,"Congressional Candidate for the TX CD-11
Retired Special Operator",7,35,,5,False,,"['My', '2', 'nd', 'Amendment', 'stance', '.', '.', '.', '.', 'if', 'you', 'got', 'em', '.', '.', '.', 'shoot', 'em', '.', 'The', '2', 'nd', 'Amendment', 'was', 'to', 'protect', 'the', 'citizen', 'from', 'the', 'govern', 'â', '\x80', '¦', 'https://t.co/3WXO168BeY']","['2', 'nd', 'Amendment', 'stance', '.', '.', '.', '.', 'got', 'em', '.', '.', '.', 'shoot', 'em', '.', '2', 'nd', 'Amendment', 'protect', 'citizen', 'govern', 'â', '\x80', '¦', 'https://t.co/3WXO168BeY']",0,0,0,0,1,My 2nd Amendment stance if you got em shoot em The 2nd Amendment was to protect the citizen from the governâ¦ ,0,21,Yes
10,1.22344810538491e+18,"#GOPCorruptionOverCountry
Last year, the #House passed the 
For the People Act (H.R. 1)
to  protect every citizen'sâ¦ https://t.co/q7SOX5jKdf",2020-02-01 03:28:53,0,0,Twitter Web App,140,866345654.0,Harisnell,Harrison Snell,2012-10-07 13:39:25,Is either you're a friend or an enemy   #Resist,422,291,"Miami, FL",563,False,https://t.co/3kswT4YHAg,"['#GOPCorruptionOverCountry', 'Last', 'year', ',', 'the', '#House', 'passed', 'the', 'For', 'the', 'People', 'Act', '(', 'H', '.', 'R', '.', '1', ')', 'to', 'protect', 'every', ""citizen's"", 'â', '\x80', '¦', 'https://t.co/q7SOX5jKdf']","['#GOPCorruptionOverCountry', 'Last', 'year', ',', '#House', 'passed', 'People', 'Act', '(', 'H', '.', 'R', '.', '1', ')', 'protect', 'every', ""citizen's"", 'â', '\x80', '¦', 'https://t.co/q7SOX5jKdf']",0,0,2,0,1,"GOPCorruptionOverCountry
Last year the House passed the 
For the People Act (HR 1)
to  protect every citizen'sâ¦ ",0,18,Yes
11,1.22344401760786e+18,@Awhadspeaks @AwhadOffice First understand the CAA in details than raise ur grievances to @mygovindia and if not reâ¦ https://t.co/5lHXGQ8du9,2020-02-01 03:12:38,0,0,Twitter for Android,140,9.0630808386492e+17,swachhachembur,Swachha Chembur ð®ð³,2017-09-09 00:07:40,"à¤¸à¥à¤µà¤¦à¥à¤¶à¥ à¤à¤¤à¥à¤ªà¤¾à¤¦à¥à¤ à¤à¥ à¤à¤°à¥à¤¦à¥à¤à¥¤
à¤à¤¯à¥à¤°à¥à¤µà¥à¤¦ à¤à¥ à¤¬à¤¢à¤¼à¤¾à¤µà¤¾ à¤¦à¥à¤à¥¤
à¤®à¥à¤ à¤à¤¨ à¤à¤à¤¡à¤¿à¤¯à¤¾à¥¤
à¤µà¤¨à¥à¤¦à¥ à¤®à¤¾à¤¤à¤°à¤® !!!

à¤¦à¥à¤¶ à¤ªà¥à¤¹à¥à¤²à¥ !!! ð®ð³

Initiated #CleanChembur",169,573,"à¤®à¥à¤à¤¬à¤, à¤­à¤¾à¤°à¤¤",5324,False,https://t.co/zHF647KIlo,"['@Awhadspeaks', '@AwhadOffice', 'First', 'understand', 'the', 'CAA', 'in', 'details', 'than', 'raise', 'ur', 'grievances', 'to', '@mygovindia', 'and', 'if', 'not', 'reâ', '\x80', '¦', 'https://t.co/5lHXGQ8du9']","['@Awhadspeaks', '@AwhadOffice', 'First', 'understand', 'CAA', 'details', 'raise', 'ur', 'grievances', '@mygovindia', 'reâ', '\x80', '¦', 'https://t.co/5lHXGQ8du9']",0,0,0,3,1,  First understand the CAA in details than raise ur grievances to  and if not reâ¦ ,0,15,Yes
12,1.22343486280096e+18,@BJP4India Just finish the job of giving citizen ship to the targeted poor minorities and then amend the act to itsâ¦ https://t.co/PzJJ51GYfb,2020-02-01 02:36:16,0,0,Twitter Web App,140,1.13829372135343e+18,Radha69874377,Radha,2019-06-11 03:55:46,,2,5,,558,False,,"['@BJP4India', 'Just', 'finish', 'the', 'job', 'of', 'giving', 'citizen', 'ship', 'to', 'the', 'targeted', 'poor', 'minorities', 'and', 'then', 'amend', 'the', 'act', 'to', 'its', 'â', '\x80', '¦', 'https://t.co/PzJJ51GYfb']","['@BJP4India', 'finish', 'job', 'giving', 'citizen', 'ship', 'targeted', 'poor', 'minorities', 'amend', 'act', 'â', '\x80', '¦', 'https://t.co/PzJJ51GYfb']",0,0,0,1,1, Just finish the job of giving citizen ship to the targeted poor minorities and then amend the act to itsâ¦ ,0,20,Yes
13,1.22332866719707e+18,@AzadBarmer Hukum ! You should react to the Citizen Amendment Act and tell your party that Western Rajasthan is in support of this law.,2020-01-31 19:34:17,0,1,Twitter for Android,135,9.69208822429639e+17,kunwarmanojsin,kunwar Manoj singhð®ð³,2018-03-01 13:52:45,| writer |  poet  | Reader | analysis on world's greatest philosophical thought |  Interested In The Rajput History | MAHADEVIST | à¤à¥à¤·à¤¤à¥à¤°à¤¿à¤¯ à¤§à¤°à¥à¤® ð©,4748,4785,"Rajasthan, India",1046,False,https://t.co/7KN4HH7T9a,"['@AzadBarmer', 'Hukum', '!', 'You', 'should', 'react', 'to', 'the', 'Citizen', 'Amendment', 'Act', 'and', 'tell', 'your', 'party', 'that', 'Western', 'Rajasthan', 'is', 'in', 'support', 'of', 'this', 'law', '.']","['@AzadBarmer', 'Hukum', '!', 'react', 'Citizen', 'Amendment', 'Act', 'tell', 'party', 'Western', 'Rajasthan', 'support', 'law', '.']",0,1,0,1,0, Hukum  You should react to the Citizen Amendment Act and tell your party that Western Rajasthan is in support of this law,0,22,Yes
14,1.22326404967826e+18,"@BhavikaKapoor5 It is said the word 'Persecution' is not even mention in Citizen Amendment Act 2019.

This ammendmeâ¦ https://t.co/ufn1jyXw06",2020-01-31 15:17:31,1,4,Twitter for Android,140,51782144.0,vinaybnath,à¤µà¤¿à¤¨à¤¯ à¤¬à¥ à¤¨à¤¾à¤¥ Vinay,2009-06-28 17:17:01,"Prefectly Imperfect man, Impish, transcend limits #Motivation #ScientificTemper #Team *The truth shall only by determined by the Constitution of India.",2400,2316,"New Delhi, India",8508,False,https://t.co/BZpugnQlgo,"['@BhavikaKapoor5', 'It', 'is', 'said', 'the', 'word', ""'"", 'Persecution', ""'"", 'is', 'not', 'even', 'mention', 'in', 'Citizen', 'Amendment', 'Act', '2019', '.', 'This', 'ammendme', 'â', '\x80', '¦', 'https://t.co/ufn1jyXw06']","['@BhavikaKapoor5', 'said', 'word', ""'"", 'Persecution', ""'"", 'even', 'mention', 'Citizen', 'Amendment', 'Act', '2019', '.', 'ammendme', 'â', '\x80', '¦', 'https://t.co/ufn1jyXw06']",0,0,0,1,1," It is said the word 'Persecution' is not even mention in Citizen Amendment Act 2019

This ammendmeâ¦ ",0,17,Yes
15,1.22322728446045e+18,"If you want rational answers to CAA questions:

How to become Indian citizen?
Why was CAA necessary?
Why CAA does nâ¦ https://t.co/UFkVVJ2sPK",2020-01-31 12:51:25,2,1,Twitter for iPhone,140,15015810.0,rahuldeodhar,Rahul Deodhar,2008-06-05 08:53:29,"Investor, Lawyer, Author | https://t.co/T9F9JBCtTQ | Finance, Economics, Policy, Firms, Politics, Law & Poverty | Nationalist | Be kind, Be safe, Do your work |",1031,2187,Mumbai,11624,False,,"['If', 'you', 'want', 'rational', 'answers', 'to', 'CAA', 'questions', ':', 'How', 'to', 'become', 'Indian', 'citizen', '?', 'Why', 'was', 'CAA', 'necessary', '?', 'Why', 'CAA', 'does', 'nâ', '\x80', '¦', 'https://t.co/UFkVVJ2sPK']","['want', 'rational', 'answers', 'CAA', 'questions', ':', 'become', 'Indian', 'citizen', '?', 'CAA', 'necessary', '?', 'CAA', 'nâ', '\x80', '¦', 'https://t.co/UFkVVJ2sPK']",2,0,0,0,1,"If you want rational answers to CAA questions

How to become Indian citizen
Why was CAA necessary
Why CAA does nâ¦ ",1,21,Yes
16,1.22319269744951e+18,#MyReport | US-based citizen journalist Rahul Sasane talks about finding a renewed hope for India through its futurâ¦ https://t.co/3qSudW69Jg,2020-01-31 10:33:59,0,0,TweetDeck,140,1.06225635925144e+18,QuintMyReport,My Report,2018-11-13 08:10:26,"A group of young citizen journalists, who are passionate to be the change, through powerful, compelling stories. Join this movement by @TheQuint",569,29,,3026,False,,"['#MyReport', '|', 'US-based', 'citizen', 'journalist', 'Rahul', 'Sasane', 'talks', 'about', 'finding', 'a', 'renewed', 'hope', 'for', 'India', 'through', 'its', 'futur', 'â', '\x80', '¦', 'https://t.co/3qSudW69Jg']","['#MyReport', '|', 'US-based', 'citizen', 'journalist', 'Rahul', 'Sasane', 'talks', 'finding', 'renewed', 'hope', 'India', 'futur', 'â', '\x80', '¦', 'https://t.co/3qSudW69Jg']",0,0,1,0,1,MyReport  US-based citizen journalist Rahul Sasane talks about finding a renewed hope for India through its futurâ¦ ,0,18,Yes
17,1.22317560356774e+18,"@fakharzai7 @Arzookazmi30 @vaibhavUP65 @majorgauravarya @MirchandaniYana @RajaFaisal01 How are people, you do not câ¦ https://t.co/M1pZibg1Gp",2020-01-31 09:26:04,0,0,Twitter for Android,140,1.21386750780459e+18,Realsaini1,S.D.SAINI (à¤à¤¸. à¤¡à¥. à¤¸à¥à¤¨à¥),2020-01-05 16:59:17,S.D.SAINI (à¤à¤¸. à¤¡à¥. à¤¸à¥à¤¨à¥),5,272,"Presidents Estate, New Delhi",312,False,,"['@fakharzai7', '@Arzookazmi30', '@vaibhavUP65', '@majorgauravarya', '@MirchandaniYana', '@RajaFaisal01', 'How', 'are', 'people', ',', 'you', 'do', 'not', 'câ', '\x80', '¦', 'https://t.co/M1pZibg1Gp']","['@fakharzai7', '@Arzookazmi30', '@vaibhavUP65', '@majorgauravarya', '@MirchandaniYana', '@RajaFaisal01', 'people', ',', 'câ', '\x80', '¦', 'https://t.co/M1pZibg1Gp']",0,0,0,6,1,      How are people you do not câ¦ ,0,7,Yes
18,1.2231283653742e+18,"1. CAA is only an amendment done to Citizenship act. 
2. CAA doesn't bar any Muslim from neighbouring country to apâ¦ https://t.co/jmylL7OpSx",2020-01-31 06:18:21,0,0,Twitter for Android,140,2544834839.0,drakhilesh1234,Akhilesh Gupta ,2014-05-13 09:18:26,"Proud Indian, Follower of Sanatan Dharma, Believe in Holistic approach to Health",7,35,"Delhi, India",207,False,,"['1', '.', 'CAA', 'is', 'only', 'an', 'amendment', 'done', 'to', 'Citizenship', 'act', '.', '2', '.', 'CAA', ""doesn't"", 'bar', 'any', 'Muslim', 'from', 'neighbouring', 'country', 'to', 'apâ', '\x80', '¦', 'https://t.co/jmylL7OpSx']","['1', '.', 'CAA', 'amendment', 'done', 'Citizenship', 'act', '.', '2', '.', 'CAA', 'bar', 'Muslim', 'neighbouring', 'country', 'apâ', '\x80', '¦', 'https://t.co/jmylL7OpSx']",0,0,0,0,1,"1 CAA is only an amendment done to Citizenship act 
2 CAA doesn't bar any Muslim from neighbouring country to apâ¦ ",0,22,Yes
19,1.2231086469402e+18,"Currently, all across India, the fight against fascism rages on. Millions are protesting against Modiâs fascist regâ¦ https://t.co/0FYdy9uVVP",2020-01-31 05:00:00,0,1,TweetDeck,140,1.15883678669469e+18,ZackhiWrites,Zackhi Writes,2019-08-06 20:26:34,Zackhi Writes is a blog created by @talhalakhi1095 and @zack_kaczynski acting as a thought pool regarding the state of our world. IG: @zackhiwrites,5515,6026,,1096,False,https://t.co/YqNB4tR9Y9,"['Currently', ',', 'all', 'across', 'India', ',', 'the', 'fight', 'against', 'fascism', 'rages', 'on', '.', 'Millions', 'are', 'protesting', 'against', 'Modi', 'â', '\x80', '\x99', 's', 'fascist', 'reg', 'â', '\x80', '¦', 'https://t.co/0FYdy9uVVP']","['Currently', ',', 'across', 'India', ',', 'fight', 'fascism', 'rages', '.', 'Millions', 'protesting', 'Modi', 'â', '\x80', '\x99', 'fascist', 'reg', 'â', '\x80', '¦', 'https://t.co/0FYdy9uVVP']",0,0,0,0,1,Currently all across India the fight against fascism rages on Millions are protesting against Modiâs fascist regâ¦ ,0,18,Yes
20,1.22308966835225e+18,@tshrinivas @sayvari @RajivMessage This statement about India's CAA indicates AAR remains as anti-Hindu as ever!â¦ https://t.co/yPvSpxCZuJ,2020-01-31 03:44:35,1,3,Twitter for Android,137,433660166.0,skommana1,à¤¸à¤¬à¤à¤¾ à¤µà¤¿à¤à¤¾à¤¸ à¤à¤° à¤µà¤¾à¤ªà¥à¤¸à¥ à¤à¥ à¤¸à¤¾à¤¥!!,2011-12-10 21:11:51,"Telugu, Kamma, Hindu without Samskara.Trying to educate myself through Dharampal, Rajeev Srinivasan, Rajiv Malhotra, Varsha Bhosle, Sandeep Balakrishna, et al",610,16,,68179,False,,"['@tshrinivas', '@sayvari', '@RajivMessage', 'This', 'statement', 'about', ""India's"", 'CAA', 'indicates', 'AAR', 'remains', 'as', 'anti-Hindu', 'as', 'ever', '!', 'â', '\x80', '¦', 'https://t.co/yPvSpxCZuJ']","['@tshrinivas', '@sayvari', '@RajivMessage', 'statement', ""India's"", 'CAA', 'indicates', 'AAR', 'remains', 'anti-Hindu', 'ever', '!', 'â', '\x80', '¦', 'https://t.co/yPvSpxCZuJ']",0,1,0,3,1,   This statement about India's CAA indicates AAR remains as anti-Hindu as everâ¦ ,0,14,Yes
21,1.22303990112743e+18,Modi...Critic...Firebrand...Youth...Leader...Kanhaiya...Kumar...Held...Anti-Citizenship...Law...Rally...Bihar...Newâ¦ https://t.co/wZRZcHrEya,2020-01-31 00:26:50,0,0,Twitter Web App,140,150631353.0,kizu91,Le Nam Giang,2010-06-01 12:22:50,Preceded by...Nostradamus...Baba Vanga...prophet...Save the world...da Viet Nam...21st...century...Rá»ng náº±m bá» cáº¡n dá» ai hay...fire...Notre Dame...cathedral...,92,0,,35833,False,https://t.co/grXJkZYWvh,"['Modi', '.', '.', '.', 'Critic', '.', '.', '.', 'Firebrand', '.', '.', '.', 'Youth', '.', '.', '.', 'Leader', '.', '.', '.', 'Kanhaiya', '.', '.', '.', 'Kumar', '.', '.', '.', 'Held', '.', '.', '.', 'Anti-Citizenship', '.', '.', '.', 'Law', '.', '.', '.', 'Rally', '.', '.', '.', 'Bihar', '.', '.', '.', 'New', 'â', '\x80', '¦', 'https://t.co/wZRZcHrEya']","['Modi', '.', '.', '.', 'Critic', '.', '.', '.', 'Firebrand', '.', '.', '.', 'Youth', '.', '.', '.', 'Leader', '.', '.', '.', 'Kanhaiya', '.', '.', '.', 'Kumar', '.', '.', '.', 'Held', '.', '.', '.', 'Anti-Citizenship', '.', '.', '.', 'Law', '.', '.', '.', 'Rally', '.', '.', '.', 'Bihar', '.', '.', '.', 'New', 'â', '\x80', '¦', 'https://t.co/wZRZcHrEya']",0,0,0,0,1,ModiCriticFirebrandYouthLeaderKanhaiyaKumarHeldAnti-CitizenshipLawRallyBiharNewâ¦ ,0,2,Yes
22,1.22297133276749e+18,"@Inevitable_ET Couple thoughts
Tomorrow We The People get our Sovereignty back!
The Star Spangled Banner written inâ¦ https://t.co/VprEqICcQ3",2020-01-30 19:54:22,3,4,Twitter Web App,140,7.91264247917445e+17,AJ19844,Ann Jones,2016-10-26 13:04:32,,1319,1452,,5744,False,,"['@Inevitable_ET', 'Couple', 'thoughts', 'Tomorrow', 'We', 'The', 'People', 'get', 'our', 'Sovereignty', 'back', '!', 'The', 'Star', 'Spangled', 'Banner', 'written', 'inâ', '\x80', '¦', 'https://t.co/VprEqICcQ3']","['@Inevitable_ET', 'Couple', 'thoughts', 'Tomorrow', 'People', 'get', 'Sovereignty', 'back', '!', 'Star', 'Spangled', 'Banner', 'written', 'inâ', '\x80', '¦', 'https://t.co/VprEqICcQ3']",0,1,0,1,1," Couple thoughts
Tomorrow We The People get our Sovereignty back
The Star Spangled Banner written inâ¦ ",0,16,Yes
23,1.22294432092943e+18,"How A CA student understands""CAA""ððð ( CITIZEN AMENDMENT ACT) https://t.co/rvXldaJsJr",2020-01-30 18:07:01,1,3,Twitter Web App,85,1628018040.0,bibekbikram,Bibek Bikram Sijapati,2013-07-28 14:48:58,"Former President
 Nepalese Students Helping Hands (NSHH) New Delhi",92,366,"New Delhi, India",44,False,,"['How', 'A', 'CA', 'student', 'understands', '""', 'CAA', '""', 'ð', '\x9f', '\x98', '\x80', 'ð', '\x9f', '\x98', '\x80', 'ð', '\x9f', '\x98', '\x80', '(', 'CITIZEN', 'AMENDMENT', 'ACT', ')', 'https://t.co/rvXldaJsJr']","['CA', 'student', 'understands', '""', 'CAA', '""', 'ð', '\x9f', '\x98', '\x80', 'ð', '\x9f', '\x98', '\x80', 'ð', '\x9f', '\x98', '\x80', '(', 'CITIZEN', 'AMENDMENT', 'ACT', ')', 'https://t.co/rvXldaJsJr']",0,0,0,0,1,"How A CA student understands""CAA""ððð ( CITIZEN AMENDMENT ACT) ",0,12,Yes
24,1.22292198953641e+18,@KhaledBeydoun He is a member of rightist extremist terrorist groups. He is not alone he is backed by thousand likeâ¦ https://t.co/4PxtzujSKq,2020-01-30 16:38:17,0,1,Twitter for Android,140,3114277495.0,muhamadazam420,Muhammad azam,2015-03-29 03:10:00,"Not a liberal 
Not a commie 
Not a centrist",26,116,Mars,157,False,,"['@KhaledBeydoun', 'He', 'is', 'a', 'member', 'of', 'rightist', 'extremist', 'terrorist', 'groups', '.', 'He', 'is', 'not', 'alone', 'he', 'is', 'backed', 'by', 'thousand', 'like', 'â', '\x80', '¦', 'https://t.co/4PxtzujSKq']","['@KhaledBeydoun', 'member', 'rightist', 'extremist', 'terrorist', 'groups', '.', 'alone', 'backed', 'thousand', 'like', 'â', '\x80', '¦', 'https://t.co/4PxtzujSKq']",0,0,0,1,1, He is a member of rightist extremist terrorist groups He is not alone he is backed by thousand likeâ¦ ,0,19,Yes
25,1.22292169718519e+18,"@Juppstein @Gaohmee Effectively, this made it a felony for any U.S. citizen to talk to foreigners (in principle, thâ¦ https://t.co/XDUVU7kI3c",2020-01-30 16:37:08,0,0,Twitter Web App,140,1585542295.0,PAA_Asile,PAA_asile,2013-07-11 10:32:42,"U.S. citizen,27-year Swiss resident, professional, asylum claim in France re: FISA rendered extra-territorial by U.S. mutual legal assistance treaty (MLAT)",528,2380,"Geneva, Switzerland and France",6979,False,,"['@Juppstein', '@Gaohmee', 'Effectively', ',', 'this', 'made', 'it', 'a', 'felony', 'for', 'any', 'U', '.', 'S', '.', 'citizen', 'to', 'talk', 'to', 'foreigners', '(', 'in', 'principle', ',', 'thâ', '\x80', '¦', 'https://t.co/XDUVU7kI3c']","['@Juppstein', '@Gaohmee', 'Effectively', ',', 'made', 'felony', 'U', '.', '.', 'citizen', 'talk', 'foreigners', '(', 'principle', ',', 'thâ', '\x80', '¦', 'https://t.co/XDUVU7kI3c']",0,0,0,2,1,  Effectively this made it a felony for any US citizen to talk to foreigners (in principle thâ¦ ,0,17,Yes
26,1.22291612909986e+18,"The director of the film #GulMakai, #AmjadKhan recently visited #JamiaMilliaIslamia and #JNU to register his protesâ¦ https://t.co/0CvlXW2B1t",2020-01-30 16:15:00,11,26,National Herald,140,2590835076.0,NH_India,National Herald,2014-06-27 05:46:24,"National Heraldâfounded in 1938 by Jawaharlal Nehruâis a news website and weekly newspaper with a focus on people, governance and current affairs",85166,314,"New Delhi, India",35802,True,https://t.co/EC0QuiiBM2,"['The', 'director', 'of', 'the', 'film', '#GulMakai', ',', '#AmjadKhan', 'recently', 'visited', '#JamiaMilliaIslamia', 'and', '#JNU', 'to', 'register', 'his', 'protes', 'â', '\x80', '¦', 'https://t.co/0CvlXW2B1t']","['director', 'film', '#GulMakai', ',', '#AmjadKhan', 'recently', 'visited', '#JamiaMilliaIslamia', '#JNU', 'register', 'protes', 'â', '\x80', '¦', 'https://t.co/0CvlXW2B1t']",0,0,4,0,1,The director of the film GulMakai AmjadKhan recently visited JamiaMilliaIslamia and JNU to register his protesâ¦ ,0,16,Yes
27,1.22291078286362e+18,"@mrcrime9 @HRajaBJP CAA - Citizenship Amendment Act

NRC - National Register of Citizen",2020-01-30 15:53:45,0,0,Twitter Web App,87,1.21763164290003e+18,DharshiniVijay4,DharshiniVijayaraman,2020-01-16 02:16:37,Feeling proud to be a hindu. Happy with my family and profession. Fight for right. Women empowerment. Women is great. Sakthi swaroopam.,7,48,,279,False,,"['@mrcrime9', '@HRajaBJP', 'CAA', '-', 'Citizenship', 'Amendment', 'Act', 'NRC', '-', 'National', 'Register', 'of', 'Citizen']","['@mrcrime9', '@HRajaBJP', 'CAA', '-', 'Citizenship', 'Amendment', 'Act', 'NRC', '-', 'National', 'Register', 'Citizen']",0,0,0,2,0,"  CAA - Citizenship Amendment Act

NRC - National Register of Citizen",0,9,Yes
28,1.22289910326207e+18,"""à¤¯à¤¹ Citizen Amendment Act à¤¨à¤¹à¥à¤ Citizen Alienation Act  à¤¹à¥""
Extend our support to the ""24 hours Satyagrah"" organizedâ¦ https://t.co/11SIlKxZ5G",2020-01-30 15:07:21,0,2,Twitter for Android,140,9.6586024246979e+17,ArunKrishnanCh2,Arun Krishnan Changanacherry,2018-02-20 08:06:41,Delhi Youth Congress State Co Coordinator ( Research Cell),35,155,Delhi,420,False,,"['""', 'à', '¤', '¯', 'à', '¤', '¹', 'Citizen', 'Amendment', 'Act', 'à', '¤', '¨', 'à', '¤', '¹à', '¥', '\x80', 'à', '¤', '\x82', 'Citizen', 'Alienation', 'Act', 'à', '¤', '¹à', '¥', '\x88', '""', 'Extend', 'our', 'support', 'to', 'the', '""', '24', 'hours', 'Satyagrah', '""', 'organized', 'â', '\x80', '¦', 'https://t.co/11SIlKxZ5G']","['""', 'à', '¤', '¯', 'à', '¤', '¹', 'Citizen', 'Amendment', 'Act', 'à', '¤', '¨', 'à', '¤', '¹à', '¥', '\x80', 'à', '¤', '\x82', 'Citizen', 'Alienation', 'Act', 'à', '¤', '¹à', '¥', '\x88', '""', 'Extend', 'support', '""', '24', 'hours', 'Satyagrah', '""', 'organized', 'â', '\x80', '¦', 'https://t.co/11SIlKxZ5G']",0,0,0,0,1,"""à¤¯à¤¹ Citizen Amendment Act à¤¨à¤¹à¥à¤ Citizen Alienation Act  à¤¹à¥""
Extend our support to the ""24 hours Satyagrah"" organizedâ¦ ",0,24,Yes
29,1.22289283047496e+18,"@ndtv @_POLM Honestly I fail to understand why genuine citizen of India , Hindu or Muslim is protesting the Amendment Act.",2020-01-30 14:42:25,0,0,Twitter for iPhone,122,1.01599205635383e+18,OhriDarshika,Darshika Ohri,2018-07-08 16:12:37,Politicians and Pol Parties Breaking news of Hindu Strength and power,111,139,"Moradabad, India",3550,False,,"['@ndtv', '@_POLM', 'Honestly', 'I', 'fail', 'to', 'understand', 'why', 'genuine', 'citizen', 'of', 'India', ',', 'Hindu', 'or', 'Muslim', 'is', 'protesting', 'the', 'Amendment', 'Act', '.']","['@ndtv', '@_POLM', 'Honestly', 'fail', 'understand', 'genuine', 'citizen', 'India', ',', 'Hindu', 'Muslim', 'protesting', 'Amendment', 'Act', '.']",0,0,0,2,0,  Honestly I fail to understand why genuine citizen of India  Hindu or Muslim is protesting the Amendment Act,0,18,Yes
30,1.22289236348114e+18,"#WATCH:
Long Live CAA Protest: this makes democracy stronger

People participate in a protest against Citizenship Aâ¦ https://t.co/WDzR3bnyUt",2020-01-30 14:40:34,1,5,Twitter for Android,140,4675846681.0,Ayaz_Ind,Ayaaz Ahmad Qaasmi,2015-12-30 02:20:31,"LLB - GST - FINANCE - #Poetry  Affairs, Human Rights. âªï¸STAND with Every #OPPRESSED HUMAN Being on #EARTH - KashmiriPandit, Dalits, Tribals, Minorities",1281,312,"New Delhi, India",2251,False,,"['#WATCH', ':', 'Long', 'Live', 'CAA', 'Protest', ':', 'this', 'makes', 'democracy', 'stronger', 'People', 'participate', 'in', 'a', 'protest', 'against', 'Citizenship', 'Aâ', '\x80', '¦', 'https://t.co/WDzR3bnyUt']","['#WATCH', ':', 'Long', 'Live', 'CAA', 'Protest', ':', 'makes', 'democracy', 'stronger', 'People', 'participate', 'protest', 'Citizenship', 'Aâ', '\x80', '¦', 'https://t.co/WDzR3bnyUt']",0,0,1,0,1,"WATCH
Long Live CAA Protest this makes democracy stronger

People participate in a protest against Citizenship Aâ¦ ",2,17,Yes
31,1.22289130027119e+18,BJP leader and former Union minister #UmaBharti has alleged the Congress is trying to create a situation that prevaâ¦ https://t.co/4RsGW29Wo1,2020-01-30 14:36:20,0,0,Twitter Web App,140,3991108098.0,dt_next,DT Next,2015-10-23 12:33:47,English language newspaper by the Daily Thanthi Group,5268,408,"Chennai, India",107614,True,https://t.co/ghKLTG8qdO,"['BJP', 'leader', 'and', 'former', 'Union', 'minister', '#UmaBharti', 'has', 'alleged', 'the', 'Congress', 'is', 'trying', 'to', 'create', 'a', 'situation', 'that', 'preva', 'â', '\x80', '¦', 'https://t.co/4RsGW29Wo1']","['BJP', 'leader', 'former', 'Union', 'minister', '#UmaBharti', 'alleged', 'Congress', 'trying', 'create', 'situation', 'preva', 'â', '\x80', '¦', 'https://t.co/4RsGW29Wo1']",0,0,1,0,1,BJP leader and former Union minister UmaBharti has alleged the Congress is trying to create a situation that prevaâ¦ ,0,19,Yes
32,1.22289115931325e+18,"#Maharashtra | People participate in a protest against Citizenship Amendment Act, National Citizen of Registers andâ¦ https://t.co/LXeQOvyIwc",2020-01-30 14:35:47,0,2,Twitter Web App,140,1.1137471960994e+18,thefirstindia,First India,2019-04-04 10:16:38,Welcome to the Official Twitter page of First India Newspaper. Follow us for the latest updates. #FirstIndia,2534,625,"Jaipur, India",22569,False,https://t.co/vkIswW9aBZ,"['#Maharashtra', '|', 'People', 'participate', 'in', 'a', 'protest', 'against', 'Citizenship', 'Amendment', 'Act', ',', 'National', 'Citizen', 'of', 'Registers', 'and', 'â', '\x80', '¦', 'https://t.co/LXeQOvyIwc']","['#Maharashtra', '|', 'People', 'participate', 'protest', 'Citizenship', 'Amendment', 'Act', ',', 'National', 'Citizen', 'Registers', 'â', '\x80', '¦', 'https://t.co/LXeQOvyIwc']",0,0,1,0,1,Maharashtra  People participate in a protest against Citizenship Amendment Act National Citizen of Registers andâ¦ ,0,15,Yes
33,1.22289089484559e+18,"#WATCH: People participate in a protest against Citizenship Amendment Act, National Citizen of Registers and Nationâ¦ https://t.co/mk0TYxd1dp",2020-01-30 14:34:44,1,0,Twitter for Android,140,1.19226359685768e+18,Anilpurohitbjp,AnilbhaipurohitBJP,2019-11-07 02:13:04,à¤®à¤¿à¤¤à¥à¤°à¥ à¤ªà¥à¤°à¤¾à¤¨à¤¾ à¤à¥à¤µà¥à¤à¤° à¤à¤à¤¾à¤à¤à¤ à¤¸à¤¸à¥à¤ªà¥à¤à¤¡ à¤¹à¥ à¤à¤¯à¤¾ à¤¥à¤¾ à¤à¤¸à¤²à¤¿à¤ à¤®à¥à¤à¤¨à¥ à¤¨à¤¯à¤¾ à¤à¤à¤¾à¤à¤à¤ à¤¬à¤¨à¤¾à¤¯à¤¾ à¤¹à¥ à¤ªà¥à¤²à¥à¤ à¤«à¥à¤²à¥ à¤à¤°à¥à¤ @Anilpurohitbjp,1247,1571,"Rajasthan, India",12543,False,,"['#WATCH', ':', 'People', 'participate', 'in', 'a', 'protest', 'against', 'Citizenship', 'Amendment', 'Act', ',', 'National', 'Citizen', 'of', 'Registers', 'and', 'Nation', 'â', '\x80', '¦', 'https://t.co/mk0TYxd1dp']","['#WATCH', ':', 'People', 'participate', 'protest', 'Citizenship', 'Amendment', 'Act', ',', 'National', 'Citizen', 'Registers', 'Nation', 'â', '\x80', '¦', 'https://t.co/mk0TYxd1dp']",0,0,1,0,1,WATCH People participate in a protest against Citizenship Amendment Act National Citizen of Registers and Nationâ¦ ,1,16,Yes
34,1.22289044167619e+18,"#WATCH: People participate in a protest against Citizenship Amendment Act, National Citizen of Registers and Nationâ¦ https://t.co/FM8NsHBZhs",2020-01-30 14:32:56,381,1024,Twitter Media Studio,140,355989081.0,ANI,ANI,2011-08-16 05:23:41,"Asian News International. Multi-media news agency, content for information platforms: TV, Internet, broadband, newspapers, mobiles https://t.co/PjGRhL4qvg",3379001,0,India,376463,True,http://t.co/sFNGg4bASa,"['#WATCH', ':', 'People', 'participate', 'in', 'a', 'protest', 'against', 'Citizenship', 'Amendment', 'Act', ',', 'National', 'Citizen', 'of', 'Registers', 'and', 'Nation', 'â', '\x80', '¦', 'https://t.co/FM8NsHBZhs']","['#WATCH', ':', 'People', 'participate', 'protest', 'Citizenship', 'Amendment', 'Act', ',', 'National', 'Citizen', 'Registers', 'Nation', 'â', '\x80', '¦', 'https://t.co/FM8NsHBZhs']",0,0,1,0,1,WATCH People participate in a protest against Citizenship Amendment Act National Citizen of Registers and Nationâ¦ ,1,16,Yes
35,1.22287468375156e+18,@rishitapandey2 @Saddamk38866877 @khanumarfa CAA CITIZEN AMENDMENT ACT ab suno iskey according ohh sorry amit shahâ¦ https://t.co/AYYmvGZ1xR,2020-01-30 13:30:19,0,0,Twitter for Android,139,2306637810.0,Sheezansajid,Sheezansajid,2014-01-23 14:04:54,,15,690,,208,False,,"['@rishitapandey2', '@Saddamk38866877', '@khanumarfa', 'CAA', 'CITIZEN', 'AMENDMENT', 'ACT', 'ab', 'suno', 'iskey', 'according', 'ohh', 'sorry', 'amit', 'shah', 'â', '\x80', '¦', 'https://t.co/AYYmvGZ1xR']","['@rishitapandey2', '@Saddamk38866877', '@khanumarfa', 'CAA', 'CITIZEN', 'AMENDMENT', 'ACT', 'ab', 'suno', 'iskey', 'according', 'ohh', 'sorry', 'amit', 'shah', 'â', '\x80', '¦', 'https://t.co/AYYmvGZ1xR']",0,0,0,3,1,   CAA CITIZEN AMENDMENT ACT ab suno iskey according ohh sorry amit shahâ¦ ,0,12,Yes
36,1.22286395885765e+18,Jaffrey is one of the growing celebrities that are vocal against the Citizen Amendment Act. Fellow stars like Hrithâ¦ https://t.co/P98Un1xzwf,2020-01-30 12:47:42,0,0,Twitter Web App,140,159186855.0,abdulazizansari,ansari abdulaziz,2010-06-24 18:08:33,"Only way to obtain deep profound happiness is to leave some room in your heart for love, kindness, leniency & hope. Follow me to be inspired.",694,2341,Vancouver BC,15938,False,,"['Jaffrey', 'is', 'one', 'of', 'the', 'growing', 'celebrities', 'that', 'are', 'vocal', 'against', 'the', 'Citizen', 'Amendment', 'Act', '.', 'Fellow', 'stars', 'like', 'Hrith', 'â', '\x80', '¦', 'https://t.co/P98Un1xzwf']","['Jaffrey', 'one', 'growing', 'celebrities', 'vocal', 'Citizen', 'Amendment', 'Act', '.', 'Fellow', 'stars', 'like', 'Hrith', 'â', '\x80', '¦', 'https://t.co/P98Un1xzwf']",0,0,0,0,1,Jaffrey is one of the growing celebrities that are vocal against the Citizen Amendment Act Fellow stars like Hrithâ¦ ,0,19,Yes
37,1.22286201730997e+18,India has become a government aided terror state. Look at the way how the police is standing behind a man who shootâ¦ https://t.co/xH6Tpzsq40,2020-01-30 12:39:59,9,11,Twitter for Android,140,9.86452666455765e+17,thinkingrobot9,ð¿ððððððð ð½ðððð â­,2018-04-18 03:53:37,"It is not heroes that make history, but history that makes heroes. Let's make history",928,2485,India,2997,False,,"['India', 'has', 'become', 'a', 'government', 'aided', 'terror', 'state', '.', 'Look', 'at', 'the', 'way', 'how', 'the', 'police', 'is', 'standing', 'behind', 'a', 'man', 'who', 'shoot', 'â', '\x80', '¦', 'https://t.co/xH6Tpzsq40']","['India', 'become', 'government', 'aided', 'terror', 'state', '.', 'Look', 'way', 'police', 'standing', 'behind', 'man', 'shoot', 'â', '\x80', '¦', 'https://t.co/xH6Tpzsq40']",0,0,0,0,1,India has become a government aided terror state Look at the way how the police is standing behind a man who shootâ¦ ,0,22,Yes
38,1.22285609871503e+18,"@ANI First prove that your mother Antonio Maino , daughter of an Italian fascist, is not Italian.  Also Raul Vinciâ¦ https://t.co/6dRMC2Lmvn",2020-01-30 12:16:28,0,0,Twitter Web App,139,451504286.0,ratlal2005,RatLal,2011-12-31 14:54:50,,7,8,India,923,False,,"['@ANI', 'First', 'prove', 'that', 'your', 'mother', 'Antonio', 'Maino', ',', 'daughter', 'of', 'an', 'Italian', 'fascist', ',', 'is', 'not', 'Italian', '.', 'Also', 'Raul', 'Vinci', 'â', '\x80', '¦', 'https://t.co/6dRMC2Lmvn']","['@ANI', 'First', 'prove', 'mother', 'Antonio', 'Maino', ',', 'daughter', 'Italian', 'fascist', ',', 'Italian', '.', 'Also', 'Raul', 'Vinci', 'â', '\x80', '¦', 'https://t.co/6dRMC2Lmvn']",0,0,0,1,1, First prove that your mother Antonio Maino  daughter of an Italian fascist is not Italian  Also Raul Vinciâ¦ ,0,18,Yes
